Date,Day,Close,Close_Next
2015-01-02,1,102.94000244140625,101.43000030517578
2015-01-05,2,101.43000030517578,100.06999969482422
2015-01-06,3,100.06999969482422,101.36000061035156
2015-01-07,4,101.36000061035156,103.30000305175781
2015-01-08,5,103.30000305175781,102.62000274658203
2015-01-09,6,102.62000274658203,101.55000305175781
2015-01-12,7,101.55000305175781,101.5199966430664
2015-01-13,8,101.5199966430664,100.95999908447266
2015-01-14,9,100.95999908447266,99.6500015258789
2015-01-15,10,99.6500015258789,100.81999969482422
2015-01-16,11,100.81999969482422,101.62000274658203
2015-01-20,12,101.62000274658203,102.13999938964844
2015-01-21,13,102.13999938964844,104.02999877929688
2015-01-22,14,104.02999877929688,104.26000213623047
2015-01-23,15,104.26000213623047,104.13999938964844
2015-01-26,16,104.13999938964844,101.44000244140625
2015-01-27,17,101.44000244140625,100.91999816894531
2015-01-28,18,100.91999816894531,101.88999938964844
2015-01-29,19,101.88999938964844,101.0999984741211
2015-01-30,20,101.0999984741211,101.9800033569336
2015-02-02,21,101.9800033569336,102.95999908447266
2015-02-03,22,102.95999908447266,102.87000274658203
2015-02-04,23,102.87000274658203,103.76000213623047
2015-02-05,24,103.76000213623047,103.12999725341797
2015-02-06,25,103.12999725341797,102.80000305175781
2015-02-09,26,102.80000305175781,104.4000015258789
2015-02-10,27,104.4000015258789,104.77999877929688
2015-02-11,28,104.77999877929688,106.0
2015-02-12,29,106.0,106.91000366210938
2015-02-13,30,106.91000366210938,107.01000213623047
2015-02-17,31,107.01000213623047,107.16000366210938
2015-02-18,32,107.16000366210938,107.69000244140625
2015-02-19,33,107.69000244140625,108.41000366210938
2015-02-20,34,108.41000366210938,108.5199966430664
2015-02-23,35,108.5199966430664,108.5999984741211
2015-02-24,36,108.5999984741211,108.33000183105469
2015-02-25,37,108.33000183105469,108.87999725341797
2015-02-26,38,108.87999725341797,108.4000015258789
2015-02-27,39,108.4000015258789,109.37999725341797
2015-03-02,40,109.37999725341797,108.87000274658203
2015-03-03,41,108.87000274658203,108.44999694824219
2015-03-04,42,108.44999694824219,108.63999938964844
2015-03-05,43,108.63999938964844,107.41000366210938
2015-03-06,44,107.41000366210938,107.72000122070312
2015-03-09,45,107.72000122070312,105.72000122070312
2015-03-10,46,105.72000122070312,105.11000061035156
2015-03-11,47,105.11000061035156,105.80000305175781
2015-03-12,48,105.80000305175781,105.33999633789062
2015-03-13,49,105.33999633789062,106.69999694824219
2015-03-16,50,106.69999694824219,106.87000274658203
2015-03-17,51,106.87000274658203,107.91999816894531
2015-03-18,52,107.91999816894531,108.08000183105469
2015-03-19,53,108.08000183105469,108.52999877929688
2015-03-20,54,108.52999877929688,108.31999969482422
2015-03-23,55,108.31999969482422,107.93000030517578
2015-03-24,56,107.93000030517578,105.45999908447266
2015-03-25,57,105.45999908447266,105.0999984741211
2015-03-26,58,105.0999984741211,105.5199966430664
2015-03-27,59,105.5199966430664,106.7300033569336
2015-03-30,60,106.7300033569336,105.5999984741211
2015-03-31,61,105.5999984741211,105.05000305175781
2015-04-01,62,105.05000305175781,105.12000274658203
2015-04-02,63,105.12000274658203,105.9800033569336
2015-04-06,64,105.9800033569336,105.80000305175781
2015-04-07,65,105.80000305175781,106.63999938964844
2015-04-08,66,106.63999938964844,107.30999755859375
2015-04-09,67,107.30999755859375,107.75
2015-04-10,68,107.75,107.4800033569336
2015-04-13,69,107.4800033569336,107.16999816894531
2015-04-14,70,107.16999816894531,107.83999633789062
2015-04-15,71,107.83999633789062,107.69000244140625
2015-04-16,72,107.69000244140625,106.01000213623047
2015-04-17,73,106.01000213623047,107.5999984741211
2015-04-20,74,107.5999984741211,108.05999755859375
2015-04-21,75,108.05999755859375,108.6500015258789
2015-04-22,76,108.6500015258789,109.05999755859375
2015-04-23,77,109.05999755859375,110.54000091552734
2015-04-24,78,110.54000091552734,110.26000213623047
2015-04-27,79,110.26000213623047,110.04000091552734
2015-04-28,80,110.04000091552734,109.3499984741211
2015-04-29,81,109.3499984741211,107.62999725341797
2015-04-30,82,107.62999725341797,109.05000305175781
2015-05-01,83,109.05000305175781,109.2300033569336
2015-05-04,84,109.2300033569336,107.44999694824219
2015-05-05,85,107.44999694824219,106.70999908447266
2015-05-06,86,106.70999908447266,107.3499984741211
2015-05-07,87,107.3499984741211,108.69000244140625
2015-05-08,88,108.69000244140625,108.2699966430664
2015-05-11,89,108.2699966430664,107.77999877929688
2015-05-12,90,107.77999877929688,108.0
2015-05-13,91,108.0,109.58000183105469
2015-05-14,92,109.58000183105469,109.58000183105469
2015-05-15,93,109.58000183105469,110.05999755859375
2015-05-18,94,110.05999755859375,109.94000244140625
2015-05-19,95,109.94000244140625,110.01000213623047
2015-05-20,96,110.01000213623047,110.58000183105469
2015-05-21,97,110.58000183105469,110.47000122070312
2015-05-22,98,110.47000122070312,109.19999694824219
2015-05-26,99,109.19999694824219,110.95999908447266
2015-05-27,100,110.95999908447266,110.70999908447266
2015-05-28,101,110.70999908447266,110.05000305175781
2015-05-29,102,110.05000305175781,110.41999816894531
2015-06-01,103,110.41999816894531,110.06999969482422
2015-06-02,104,110.06999969482422,110.4000015258789
2015-06-03,105,110.4000015258789,109.55999755859375
2015-06-04,106,109.55999755859375,109.30000305175781
2015-06-05,107,109.30000305175781,108.19000244140625
2015-06-08,108,108.19000244140625,108.01000213623047
2015-06-09,109,108.01000213623047,109.48999786376953
2015-06-10,110,109.48999786376953,109.6500015258789
2015-06-11,111,109.6500015258789,108.75
2015-06-12,112,108.75,108.20999908447266
2015-06-15,113,108.20999908447266,108.80000305175781
2015-06-16,114,108.80000305175781,109.0999984741211
2015-06-17,115,109.0999984741211,110.69000244140625
2015-06-18,116,110.69000244140625,109.88999938964844
2015-06-19,117,109.88999938964844,110.69999694824219
2015-06-22,118,110.69999694824219,110.79000091552734
2015-06-23,119,110.79000091552734,110.22000122070312
2015-06-24,120,110.22000122070312,110.0
2015-06-25,121,110.0,109.2699966430664
2015-06-26,122,109.2699966430664,106.69000244140625
2015-06-29,123,106.69000244140625,107.06999969482422
2015-06-30,124,107.06999969482422,107.91999816894531
2015-07-01,125,107.91999816894531,107.94999694824219
2015-07-02,126,107.94999694824219,107.69999694824219
2015-07-06,127,107.69999694824219,107.97000122070312
2015-07-07,128,107.97000122070312,106.08999633789062
2015-07-08,129,106.08999633789062,106.02999877929688
2015-07-09,130,106.02999877929688,107.6500015258789
2015-07-10,131,107.6500015258789,109.54000091552734
2015-07-13,132,109.54000091552734,110.26000213623047
2015-07-14,133,110.26000213623047,110.37999725341797
2015-07-15,134,110.37999725341797,111.94000244140625
2015-07-16,135,111.94000244140625,113.58999633789062
2015-07-17,136,113.58999633789062,113.9800033569336
2015-07-20,137,113.9800033569336,113.91000366210938
2015-07-21,138,113.91000366210938,112.62000274658203
2015-07-22,139,112.62000274658203,112.19999694824219
2015-07-23,140,112.19999694824219,111.0999984741211
2015-07-24,141,111.0999984741211,110.18000030517578
2015-07-27,142,110.18000030517578,111.12999725341797
2015-07-28,143,111.12999725341797,111.55000305175781
2015-07-29,144,111.55000305175781,112.08000183105469
2015-07-30,145,112.08000183105469,111.94999694824219
2015-07-31,146,111.94999694824219,111.5999984741211
2015-08-03,147,111.5999984741211,111.38999938964844
2015-08-04,148,111.38999938964844,112.25
2015-08-05,149,112.25,110.44999694824219
2015-08-06,150,110.44999694824219,110.30999755859375
2015-08-07,151,110.30999755859375,111.56999969482422
2015-08-10,152,111.56999969482422,110.13999938964844
2015-08-11,153,110.13999938964844,110.5199966430664
2015-08-12,154,110.5199966430664,110.33999633789062
2015-08-13,155,110.33999633789062,110.51000213623047
2015-08-14,156,110.51000213623047,111.43000030517578
2015-08-17,157,111.43000030517578,110.86000061035156
2015-08-18,158,110.86000061035156,110.12999725341797
2015-08-19,159,110.12999725341797,107.08000183105469
2015-08-20,160,107.08000183105469,102.4000015258789
2015-08-21,161,102.4000015258789,98.45999908447266
2015-08-24,162,98.45999908447266,98.08999633789062
2015-08-25,163,98.08999633789062,103.02999877929688
2015-08-26,164,103.02999877929688,105.63999938964844
2015-08-27,165,105.63999938964844,105.62000274658203
2015-08-28,166,105.62000274658203,104.30999755859375
2015-08-31,167,104.30999755859375,101.05000305175781
2015-09-01,168,101.05000305175781,103.9000015258789
2015-09-02,169,103.9000015258789,103.38999938964844
2015-09-03,170,103.38999938964844,102.16000366210938
2015-09-04,171,102.16000366210938,105.04000091552734
2015-09-08,172,105.04000091552734,103.86000061035156
2015-09-09,173,103.86000061035156,104.98999786376953
2015-09-10,174,104.98999786376953,105.56999969482422
2015-09-11,175,105.56999969482422,105.25
2015-09-14,176,105.25,106.48999786376953
2015-09-15,177,106.48999786376953,107.08999633789062
2015-09-16,178,107.08999633789062,107.12999725341797
2015-09-17,179,107.12999725341797,105.3499984741211
2015-09-18,180,105.3499984741211,105.68000030517578
2015-09-21,181,105.68000030517578,104.0999984741211
2015-09-22,182,104.0999984741211,104.18000030517578
2015-09-23,183,104.18000030517578,103.80000305175781
2015-09-24,184,103.80000305175781,102.91999816894531
2015-09-25,185,102.91999816894531,99.98999786376953
2015-09-28,186,99.98999786376953,99.47000122070312
2015-09-29,187,99.47000122070312,101.76000213623047
2015-09-30,188,101.76000213623047,102.22000122070312
2015-10-01,189,102.22000122070312,104.01000213623047
2015-10-02,190,104.01000213623047,105.5
2015-10-05,191,105.5,105.0
2015-10-06,192,105.0,105.62999725341797
2015-10-07,193,105.62999725341797,106.05000305175781
2015-10-08,194,106.05000305175781,106.52999877929688
2015-10-09,195,106.52999877929688,106.79000091552734
2015-10-12,196,106.79000091552734,106.0999984741211
2015-10-13,197,106.0999984741211,105.93000030517578
2015-10-14,198,105.93000030517578,107.66999816894531
2015-10-15,199,107.66999816894531,108.12000274658203
2015-10-16,200,108.12000274658203,108.73999786376953
2015-10-19,201,108.73999786376953,108.18000030517578
2015-10-20,202,108.18000030517578,107.5199966430664
2015-10-21,203,107.5199966430664,109.70999908447266
2015-10-22,204,109.70999908447266,112.77999877929688
2015-10-23,205,112.77999877929688,112.8499984741211
2015-10-26,206,112.8499984741211,113.08000183105469
2015-10-27,207,113.08000183105469,114.0199966430664
2015-10-28,208,114.0199966430664,113.83999633789062
2015-10-29,209,113.83999633789062,113.33000183105469
2015-10-30,210,113.33000183105469,114.61000061035156
2015-11-02,211,114.61000061035156,115.01000213623047
2015-11-03,212,115.01000213623047,115.0199966430664
2015-11-04,213,115.0199966430664,114.70999908447266
2015-11-05,214,114.70999908447266,114.79000091552734
2015-11-06,215,114.79000091552734,113.56999969482422
2015-11-09,216,113.56999969482422,113.27999877929688
2015-11-10,217,113.27999877929688,113.13999938964844
2015-11-11,218,113.13999938964844,112.04000091552734
2015-11-12,219,112.04000091552734,109.83999633789062
2015-11-13,220,109.83999633789062,111.41999816894531
2015-11-16,221,111.41999816894531,111.48999786376953
2015-11-17,222,111.48999786376953,113.62999725341797
2015-11-18,223,113.62999725341797,113.70999908447266
2015-11-19,224,113.70999908447266,114.4800033569336
2015-11-20,225,114.4800033569336,114.1500015258789
2015-11-23,226,114.1500015258789,114.05000305175781
2015-11-24,227,114.05000305175781,114.1500015258789
2015-11-25,228,114.1500015258789,114.30999755859375
2015-11-27,229,114.30999755859375,114.0199966430664
2015-11-30,230,114.0199966430664,115.16000366210938
2015-12-01,231,115.16000366210938,114.44999694824219
2015-12-02,232,114.44999694824219,112.51000213623047
2015-12-03,233,112.51000213623047,115.13999938964844
2015-12-04,234,115.13999938964844,114.62000274658203
2015-12-07,235,114.62000274658203,114.62999725341797
2015-12-08,236,114.62999725341797,112.88999938964844
2015-12-09,237,112.88999938964844,113.4000015258789
2015-12-10,238,113.4000015258789,110.79000091552734
2015-12-11,239,110.79000091552734,111.62999725341797
2015-12-14,240,111.62999725341797,112.30999755859375
2015-12-15,241,112.30999755859375,113.9800033569336
2015-12-16,242,113.9800033569336,112.31999969482422
2015-12-17,243,112.31999969482422,109.83000183105469
2015-12-18,244,109.83000183105469,111.05000305175781
2015-12-21,245,111.05000305175781,111.77999877929688
2015-12-22,246,111.77999877929688,112.61000061035156
2015-12-23,247,112.61000061035156,112.58999633789062
2015-12-24,248,112.58999633789062,112.52999877929688
2015-12-28,249,112.52999877929688,114.30000305175781
2015-12-29,250,114.30000305175781,113.2699966430664
2015-12-30,251,113.2699966430664,111.86000061035156
2015-12-31,252,111.86000061035156,109.5
2016-01-04,253,109.5,109.30999755859375
2016-01-05,254,109.30999755859375,108.26000213623047
2016-01-06,255,108.26000213623047,104.87000274658203
2016-01-07,256,104.87000274658203,104.01000213623047
2016-01-08,257,104.01000213623047,104.33000183105469
2016-01-11,258,104.33000183105469,105.54000091552734
2016-01-12,259,105.54000091552734,101.9000015258789
2016-01-13,260,101.9000015258789,104.06999969482422
2016-01-14,261,104.06999969482422,100.83999633789062
2016-01-15,262,100.83999633789062,101.05999755859375
2016-01-19,263,101.05999755859375,100.75
2016-01-20,264,100.75,100.8499984741211
2016-01-21,265,100.8499984741211,103.7699966430664
2016-01-22,266,103.7699966430664,102.2300033569336
2016-01-25,267,102.2300033569336,103.1500015258789
2016-01-26,268,103.1500015258789,100.58000183105469
2016-01-27,269,100.58000183105469,102.0
2016-01-28,270,102.0,104.12999725341797
2016-01-29,271,104.12999725341797,104.41000366210938
2016-02-01,272,104.41000366210938,102.1500015258789
2016-02-02,273,102.1500015258789,101.66000366210938
2016-02-03,274,101.66000366210938,101.6500015258789
2016-02-04,275,101.6500015258789,98.12000274658203
2016-02-05,276,98.12000274658203,96.62000274658203
2016-02-08,277,96.62000274658203,96.31999969482422
2016-02-09,278,96.31999969482422,96.69000244140625
2016-02-10,279,96.69000244140625,96.55000305175781
2016-02-11,280,96.55000305175781,98.0199966430664
2016-02-12,281,98.0199966430664,100.2300033569336
2016-02-16,282,100.2300033569336,102.5
2016-02-17,283,102.5,101.33000183105469
2016-02-18,284,101.33000183105469,101.62999725341797
2016-02-19,285,101.62999725341797,103.27999877929688
2016-02-22,286,103.27999877929688,101.58000183105469
2016-02-23,287,101.58000183105469,102.55000305175781
2016-02-24,288,102.55000305175781,103.55999755859375
2016-02-25,289,103.55999755859375,103.43000030517578
2016-02-26,290,103.43000030517578,102.5
2016-02-29,291,102.5,105.79000091552734
2016-03-01,292,105.79000091552734,105.83000183105469
2016-03-02,293,105.83000183105469,105.62999725341797
2016-03-03,294,105.62999725341797,105.66999816894531
2016-03-04,295,105.66999816894531,105.0199966430664
2016-03-07,296,105.0199966430664,104.1500015258789
2016-03-08,297,104.1500015258789,104.81999969482422
2016-03-09,298,104.81999969482422,104.66000366210938
2016-03-10,299,104.66000366210938,106.48999786376953
2016-03-11,300,106.48999786376953,106.66999816894531
2016-03-14,301,106.66999816894531,106.62999725341797
2016-03-15,302,106.62999725341797,107.58000183105469
2016-03-16,303,107.58000183105469,107.5199966430664
2016-03-17,304,107.5199966430664,107.37000274658203
2016-03-18,305,107.37000274658203,107.79000091552734
2016-03-21,306,107.79000091552734,108.12000274658203
2016-03-22,307,108.12000274658203,107.2300033569336
2016-03-23,308,107.2300033569336,107.26000213623047
2016-03-24,309,107.26000213623047,107.11000061035156
2016-03-28,310,107.11000061035156,108.83000183105469
2016-03-29,311,108.83000183105469,109.36000061035156
2016-03-30,312,109.36000061035156,109.19999694824219
2016-03-31,313,109.19999694824219,110.36000061035156
2016-04-01,314,110.36000061035156,109.94000244140625
2016-04-04,315,109.94000244140625,108.87999725341797
2016-04-05,316,108.87999725341797,110.66999816894531
2016-04-06,317,110.66999816894531,109.08000183105469
2016-04-07,318,109.08000183105469,109.0
2016-04-08,319,109.0,108.5999984741211
2016-04-11,320,108.5999984741211,109.51000213623047
2016-04-12,321,109.51000213623047,110.91000366210938
2016-04-13,322,110.91000366210938,110.91999816894531
2016-04-14,323,110.91999816894531,110.63999938964844
2016-04-15,324,110.63999938964844,111.2300033569336
2016-04-18,325,111.2300033569336,110.55000305175781
2016-04-19,326,110.55000305175781,110.63999938964844
2016-04-20,327,110.63999938964844,110.6500015258789
2016-04-21,328,110.6500015258789,108.9800033569336
2016-04-22,329,108.9800033569336,108.9800033569336
2016-04-25,330,108.9800033569336,108.44999694824219
2016-04-26,331,108.44999694824219,107.58000183105469
2016-04-27,332,107.58000183105469,106.27999877929688
2016-04-28,333,106.27999877929688,105.72000122070312
2016-04-29,334,105.72000122070312,106.72000122070312
2016-05-02,335,106.72000122070312,105.7300033569336
2016-05-03,336,105.7300033569336,105.05000305175781
2016-05-04,337,105.05000305175781,105.0199966430664
2016-05-05,338,105.0199966430664,105.58000183105469
2016-05-06,339,105.58000183105469,105.87999725341797
2016-05-09,340,105.87999725341797,107.33000183105469
2016-05-10,341,107.33000183105469,106.36000061035156
2016-05-11,342,106.36000061035156,105.88999938964844
2016-05-12,343,105.88999938964844,105.5
2016-05-13,344,105.5,106.81999969482422
2016-05-16,345,106.81999969482422,105.4800033569336
2016-05-17,346,105.4800033569336,105.86000061035156
2016-05-18,347,105.86000061035156,105.30999755859375
2016-05-19,348,105.30999755859375,106.47000122070312
2016-05-20,349,106.47000122070312,106.33000183105469
2016-05-23,350,106.33000183105469,108.45999908447266
2016-05-24,351,108.45999908447266,109.23999786376953
2016-05-25,352,109.23999786376953,109.55999755859375
2016-05-26,353,109.55999755859375,110.12999725341797
2016-05-27,354,110.12999725341797,110.33999633789062
2016-05-31,355,110.33999633789062,110.3499984741211
2016-06-01,356,110.3499984741211,110.58000183105469
2016-06-02,357,110.58000183105469,110.05999755859375
2016-06-03,358,110.05999755859375,110.45999908447266
2016-06-06,359,110.45999908447266,110.18000030517578
2016-06-07,360,110.18000030517578,110.37000274658203
2016-06-08,361,110.37000274658203,110.19000244140625
2016-06-09,362,110.19000244140625,108.94000244140625
2016-06-10,363,108.94000244140625,108.02999877929688
2016-06-13,364,108.02999877929688,108.02999877929688
2016-06-14,365,108.02999877929688,107.72000122070312
2016-06-15,366,107.72000122070312,108.04000091552734
2016-06-16,367,108.04000091552734,106.48999786376953
2016-06-17,368,106.48999786376953,107.16000366210938
2016-06-20,369,107.16000366210938,107.5
2016-06-21,370,107.5,107.23999786376953
2016-06-22,371,107.23999786376953,108.7699966430664
2016-06-23,372,108.7699966430664,104.29000091552734
2016-06-24,373,104.29000091552734,102.22000122070312
2016-06-27,374,102.22000122070312,104.45999908447266
2016-06-28,375,104.45999908447266,106.30999755859375
2016-06-29,376,106.30999755859375,107.54000091552734
2016-06-30,377,107.54000091552734,108.08000183105469
2016-07-01,378,108.08000183105469,107.41999816894531
2016-07-05,379,107.41999816894531,108.30000305175781
2016-07-06,380,108.30000305175781,108.62000274658203
2016-07-07,381,108.62000274658203,110.30000305175781
2016-07-08,382,110.30000305175781,110.93000030517578
2016-07-11,383,110.93000030517578,111.48999786376953
2016-07-12,384,111.48999786376953,111.22000122070312
2016-07-13,385,111.22000122070312,111.9800033569336
2016-07-14,386,111.9800033569336,111.80000305175781
2016-07-15,387,111.80000305175781,112.54000091552734
2016-07-18,388,112.54000091552734,112.12999725341797
2016-07-19,389,112.12999725341797,113.44000244140625
2016-07-20,390,113.44000244140625,113.18000030517578
2016-07-21,391,113.18000030517578,113.6500015258789
2016-07-22,392,113.6500015258789,113.66000366210938
2016-07-25,393,113.66000366210938,113.79000091552734
2016-07-26,394,113.79000091552734,114.58000183105469
2016-07-27,395,114.58000183105469,114.9800033569336
2016-07-28,396,114.9800033569336,115.2300033569336
2016-07-29,397,115.2300033569336,115.83999633789062
2016-08-01,398,115.83999633789062,114.95999908447266
2016-08-02,399,114.95999908447266,115.33999633789062
2016-08-03,400,115.33999633789062,115.66999816894531
2016-08-04,401,115.66999816894531,116.77999877929688
2016-08-05,402,116.77999877929688,116.6500015258789
2016-08-08,403,116.6500015258789,116.91999816894531
2016-08-09,404,116.91999816894531,116.62000274658203
2016-08-10,405,116.62000274658203,117.12000274658203
2016-08-11,406,117.12000274658203,117.19999694824219
2016-08-12,407,117.19999694824219,117.69999694824219
2016-08-15,408,117.69999694824219,117.05000305175781
2016-08-16,409,117.05000305175781,117.26000213623047
2016-08-17,410,117.26000213623047,117.29000091552734
2016-08-18,411,117.29000091552734,117.26000213623047
2016-08-19,412,117.26000213623047,117.3499984741211
2016-08-22,413,117.3499984741211,117.55999755859375
2016-08-23,414,117.55999755859375,116.80000305175781
2016-08-24,415,116.80000305175781,116.61000061035156
2016-08-25,416,116.61000061035156,116.77999877929688
2016-08-26,417,116.77999877929688,116.94000244140625
2016-08-29,418,116.94000244140625,116.55999755859375
2016-08-30,419,116.55999755859375,116.44000244140625
2016-08-31,420,116.44000244140625,116.73999786376953
2016-09-01,421,116.73999786376953,117.12000274658203
2016-09-02,422,117.12000274658203,117.8499984741211
2016-09-06,423,117.8499984741211,117.91999816894531
2016-09-07,424,117.91999816894531,117.2300033569336
2016-09-08,425,117.2300033569336,114.27999877929688
2016-09-09,426,114.27999877929688,116.33000183105469
2016-09-12,427,116.33000183105469,115.29000091552734
2016-09-13,428,115.29000091552734,115.83999633789062
2016-09-14,429,115.83999633789062,117.63999938964844
2016-09-15,430,117.63999938964844,117.29000091552734
2016-09-16,431,117.29000091552734,116.77999877929688
2016-09-19,432,116.77999877929688,117.0
2016-09-20,433,117.0,118.1500015258789
2016-09-21,434,118.1500015258789,119.08999633789062
2016-09-22,435,119.08999633789062,118.33000183105469
2016-09-23,436,118.33000183105469,117.33999633789062
2016-09-26,437,117.33999633789062,118.5
2016-09-27,438,118.5,118.69999694824219
2016-09-28,439,118.69999694824219,117.83999633789062
2016-09-29,440,117.83999633789062,118.72000122070312
2016-09-30,441,118.72000122070312,118.55000305175781
2016-10-03,442,118.55000305175781,118.37000274658203
2016-10-04,443,118.37000274658203,118.79000091552734
2016-10-05,444,118.79000091552734,118.7300033569336
2016-10-06,445,118.7300033569336,118.47000122070312
2016-10-07,446,118.47000122070312,119.22000122070312
2016-10-10,447,119.22000122070312,117.5199966430664
2016-10-11,448,117.5199966430664,117.41999816894531
2016-10-12,449,117.41999816894531,117.0
2016-10-13,450,117.0,117.13999938964844
2016-10-14,451,117.13999938964844,116.81999969482422
2016-10-17,452,116.81999969482422,117.86000061035156
2016-10-18,453,117.86000061035156,117.8499984741211
2016-10-19,454,117.8499984741211,117.70999908447266
2016-10-20,455,117.70999908447266,118.1500015258789
2016-10-21,456,118.1500015258789,119.56999969482422
2016-10-24,457,119.56999969482422,119.19000244140625
2016-10-25,458,119.19000244140625,118.37999725341797
2016-10-26,459,118.37999725341797,117.83999633789062
2016-10-27,460,117.83999633789062,117.0999984741211
2016-10-28,461,117.0999984741211,116.98999786376953
2016-10-31,462,116.98999786376953,116.11000061035156
2016-11-01,463,116.11000061035156,115.18000030517578
2016-11-02,464,115.18000030517578,114.05000305175781
2016-11-03,465,114.05000305175781,113.6500015258789
2016-11-04,466,113.6500015258789,116.3499984741211
2016-11-07,467,116.3499984741211,117.11000061035156
2016-11-08,468,117.11000061035156,117.6500015258789
2016-11-09,469,117.6500015258789,115.75
2016-11-10,470,115.75,115.80000305175781
2016-11-11,471,115.80000305175781,114.62999725341797
2016-11-14,472,114.62999725341797,116.22000122070312
2016-11-15,473,116.22000122070312,116.91000366210938
2016-11-16,474,116.91000366210938,117.76000213623047
2016-11-17,475,117.76000213623047,117.31999969482422
2016-11-18,476,117.31999969482422,118.54000091552734
2016-11-21,477,118.54000091552734,118.9000015258789
2016-11-22,478,118.9000015258789,118.41999816894531
2016-11-23,479,118.41999816894531,118.80000305175781
2016-11-25,480,118.80000305175781,118.52999877929688
2016-11-28,481,118.52999877929688,118.94000244140625
2016-11-29,482,118.94000244140625,117.5
2016-11-30,483,117.5,115.47000122070312
2016-12-01,484,115.47000122070312,115.69999694824219
2016-12-02,485,115.69999694824219,116.5999984741211
2016-12-05,486,116.5999984741211,116.87999725341797
2016-12-06,487,116.87999725341797,118.36000061035156
2016-12-07,488,118.36000061035156,118.56999969482422
2016-12-08,489,118.56999969482422,119.5
2016-12-09,490,119.5,118.95999908447266
2016-12-12,491,118.95999908447266,120.45999908447266
2016-12-13,492,120.45999908447266,120.20999908447266
2016-12-14,493,120.20999908447266,120.4000015258789
2016-12-15,494,120.4000015258789,119.5999984741211
2016-12-16,495,119.5999984741211,120.08999633789062
2016-12-19,496,120.08999633789062,120.55000305175781
2016-12-20,497,120.55000305175781,120.45999908447266
2016-12-21,498,120.45999908447266,120.12000274658203
2016-12-22,499,120.12000274658203,120.19999694824219
2016-12-23,500,120.19999694824219,120.81999969482422
2016-12-27,501,120.81999969482422,119.87999725341797
2016-12-28,502,119.87999725341797,119.70999908447266
2016-12-29,503,119.70999908447266,118.4800033569336
2016-12-30,504,118.4800033569336,119.54000091552734
2017-01-03,505,119.54000091552734,120.19000244140625
2017-01-04,506,120.19000244140625,120.87000274658203
2017-01-05,507,120.87000274658203,121.93000030517578
2017-01-06,508,121.93000030517578,122.33000183105469
2017-01-09,509,122.33000183105469,122.5999984741211
2017-01-10,510,122.5999984741211,122.93000030517578
2017-01-11,511,122.93000030517578,122.73999786376953
2017-01-12,512,122.73999786376953,123.16000366210938
2017-01-13,513,123.16000366210938,122.79000091552734
2017-01-17,514,122.79000091552734,123.04000091552734
2017-01-18,515,123.04000091552734,122.9800033569336
2017-01-19,516,122.9800033569336,123.25
2017-01-20,517,123.25,123.3499984741211
2017-01-23,518,123.3499984741211,124.18000030517578
2017-01-24,519,124.18000030517578,125.43000030517578
2017-01-25,520,125.43000030517578,125.55999755859375
2017-01-26,521,125.55999755859375,125.80000305175781
2017-01-27,522,125.80000305175781,124.81999969482422
2017-01-30,523,124.81999969482422,124.56999969482422
2017-01-31,524,124.56999969482422,125.43000030517578
2017-02-01,525,125.43000030517578,125.31999969482422
2017-02-02,526,125.31999969482422,125.68000030517578
2017-02-03,527,125.68000030517578,125.83000183105469
2017-02-06,528,125.83000183105469,126.29000091552734
2017-02-07,529,126.29000091552734,126.5
2017-02-08,530,126.5,126.95999908447266
2017-02-09,531,126.95999908447266,127.37999725341797
2017-02-10,532,127.37999725341797,128.10000610351562
2017-02-13,533,128.10000610351562,128.52999877929688
2017-02-14,534,128.52999877929688,129.2899932861328
2017-02-15,535,129.2899932861328,129.25
2017-02-16,536,129.25,129.80999755859375
2017-02-17,537,129.80999755859375,130.4499969482422
2017-02-21,538,130.4499969482422,130.5
2017-02-22,539,130.5,130.00999450683594
2017-02-23,540,130.00999450683594,130.25999450683594
2017-02-24,541,130.25999450683594,130.4199981689453
2017-02-27,542,130.4199981689453,130.02000427246094
2017-02-28,543,130.02000427246094,131.44000244140625
2017-03-01,544,131.44000244140625,130.77999877929688
2017-03-02,545,130.77999877929688,131.02000427246094
2017-03-03,546,131.02000427246094,130.72999572753906
2017-03-06,547,130.72999572753906,130.50999450683594
2017-03-07,548,130.50999450683594,130.74000549316406
2017-03-08,549,130.74000549316406,130.83999633789062
2017-03-09,550,130.83999633789062,131.38999938964844
2017-03-10,551,131.38999938964844,131.61000061035156
2017-03-13,552,131.61000061035156,131.2899932861328
2017-03-14,553,131.2899932861328,132.10000610351562
2017-03-15,554,132.10000610351562,132.00999450683594
2017-03-16,555,132.00999450683594,131.69000244140625
2017-03-17,556,131.69000244140625,131.80999755859375
2017-03-20,557,131.80999755859375,129.80999755859375
2017-03-21,558,129.80999755859375,130.69000244140625
2017-03-22,559,130.69000244140625,130.36000061035156
2017-03-23,560,130.36000061035156,130.6300048828125
2017-03-24,561,130.6300048828125,130.83999633789062
2017-03-27,562,130.83999633789062,131.63999938964844
2017-03-28,563,131.63999938964844,132.25
2017-03-29,564,132.25,132.47000122070312
2017-03-30,565,132.47000122070312,132.3800048828125
2017-03-31,566,132.3800048828125,132.3000030517578
2017-04-03,567,132.3000030517578,132.50999450683594
2017-04-04,568,132.50999450683594,131.97000122070312
2017-04-05,569,131.97000122070312,132.0399932861328
2017-04-06,570,132.0399932861328,131.97000122070312
2017-04-07,571,131.97000122070312,132.02000427246094
2017-04-10,572,132.02000427246094,131.4499969482422
2017-04-11,573,131.4499969482422,130.9199981689453
2017-04-12,574,130.9199981689453,130.39999389648438
2017-04-13,575,130.39999389648438,131.47999572753906
2017-04-17,576,131.47999572753906,131.27999877929688
2017-04-18,577,131.27999877929688,131.49000549316406
2017-04-19,578,131.49000549316406,132.58999633789062
2017-04-20,579,132.58999633789062,132.55999755859375
2017-04-21,580,132.55999755859375,134.16000366210938
2017-04-24,581,134.16000366210938,135.1300048828125
2017-04-25,582,135.1300048828125,134.94000244140625
2017-04-26,583,134.94000244140625,135.75
2017-04-27,584,135.75,135.99000549316406
2017-04-28,585,135.99000549316406,137.1999969482422
2017-05-01,586,137.1999969482422,137.42999267578125
2017-05-02,587,137.42999267578125,136.99000549316406
2017-05-03,588,136.99000549316406,137.0399932861328
2017-05-04,589,137.0399932861328,137.5399932861328
2017-05-05,590,137.5399932861328,137.83999633789062
2017-05-08,591,137.83999633789062,138.32000732421875
2017-05-09,592,138.32000732421875,138.39999389648438
2017-05-10,593,138.39999389648438,138.2899932861328
2017-05-11,594,138.2899932861328,138.60000610351562
2017-05-12,595,138.60000610351562,139.0399932861328
2017-05-15,596,139.0399932861328,139.6199951171875
2017-05-16,597,139.6199951171875,136.07000732421875
2017-05-17,598,136.07000732421875,137.25999450683594
2017-05-18,599,137.25999450683594,137.83999633789062
2017-05-19,600,137.83999633789062,139.0
2017-05-22,601,139.0,139.13999938964844
2017-05-23,602,139.13999938964844,139.77999877929688
2017-05-24,603,139.77999877929688,140.97000122070312
2017-05-25,604,140.97000122070312,141.22000122070312
2017-05-26,605,141.22000122070312,141.33999633789062
2017-05-30,606,141.33999633789062,141.2899932861328
2017-05-31,607,141.2899932861328,141.83999633789062
2017-06-01,608,141.83999633789062,143.4600067138672
2017-06-02,609,143.4600067138672,143.42999267578125
2017-06-05,610,143.42999267578125,142.86000061035156
2017-06-06,611,142.86000061035156,143.4199981689453
2017-06-07,612,143.4199981689453,143.57000732421875
2017-06-08,613,143.57000732421875,139.97999572753906
2017-06-09,614,139.97999572753906,139.22999572753906
2017-06-12,615,139.22999572753906,140.36000061035156
2017-06-13,616,140.36000061035156,139.75
2017-06-14,617,139.75,139.1300048828125
2017-06-15,618,139.1300048828125,138.14999389648438
2017-06-16,619,138.14999389648438,140.4600067138672
2017-06-19,620,140.4600067138672,139.36000061035156
2017-06-20,621,139.36000061035156,140.74000549316406
2017-06-21,622,140.74000549316406,140.6999969482422
2017-06-22,623,140.6999969482422,141.24000549316406
2017-06-23,624,141.24000549316406,140.5800018310547
2017-06-26,625,140.5800018310547,138.02999877929688
2017-06-27,626,138.02999877929688,140.02000427246094
2017-06-28,627,140.02000427246094,137.58999633789062
2017-06-29,628,137.58999633789062,137.63999938964844
2017-06-30,629,137.63999938964844,136.19000244140625
2017-07-03,630,136.19000244140625,137.52999877929688
2017-07-05,631,137.52999877929688,136.2899932861328
2017-07-06,632,136.2899932861328,137.75999450683594
2017-07-07,633,137.75999450683594,138.66000366210938
2017-07-10,634,138.66000366210938,139.0500030517578
2017-07-11,635,139.0500030517578,140.6999969482422
2017-07-12,636,140.6999969482422,141.00999450683594
2017-07-13,637,141.00999450683594,142.1199951171875
2017-07-14,638,142.1199951171875,142.19000244140625
2017-07-17,639,142.19000244140625,143.13999938964844
2017-07-18,640,143.13999938964844,143.97999572753906
2017-07-19,641,143.97999572753906,144.1699981689453
2017-07-20,642,144.1699981689453,144.11000061035156
2017-07-21,643,144.11000061035156,144.77000427246094
2017-07-24,644,144.77000427246094,144.39999389648438
2017-07-25,645,144.39999389648438,144.8699951171875
2017-07-26,646,144.8699951171875,143.9600067138672
2017-07-27,647,143.9600067138672,143.83999633789062
2017-07-28,648,143.83999633789062,143.22999572753906
2017-07-31,649,143.22999572753906,143.55999755859375
2017-08-01,650,143.55999755859375,143.9499969482422
2017-08-02,651,143.9499969482422,143.38999938964844
2017-08-03,652,143.38999938964844,143.64999389648438
2017-08-04,653,143.64999389648438,144.55999755859375
2017-08-07,654,144.55999755859375,144.30999755859375
2017-08-08,655,144.30999755859375,144.1199951171875
2017-08-09,656,144.1199951171875,141.02999877929688
2017-08-10,657,141.02999877929688,142.10000610351562
2017-08-11,658,142.10000610351562,143.92999267578125
2017-08-14,659,143.92999267578125,144.02999877929688
2017-08-15,660,144.02999877929688,144.27999877929688
2017-08-16,661,144.27999877929688,141.3300018310547
2017-08-17,662,141.3300018310547,141.22999572753906
2017-08-18,663,141.22999572753906,141.0500030517578
2017-08-21,664,141.0500030517578,143.1999969482422
2017-08-22,665,143.1999969482422,142.69000244140625
2017-08-23,666,142.69000244140625,142.27000427246094
2017-08-24,667,142.27000427246094,141.97000122070312
2017-08-25,668,141.97000122070312,142.41000366210938
2017-08-28,669,142.41000366210938,142.97000122070312
2017-08-29,670,142.97000122070312,144.64999389648438
2017-08-30,671,144.64999389648438,146.1999969482422
2017-08-31,672,146.1999969482422,146.0
2017-09-01,673,146.0,144.69000244140625
2017-09-05,674,144.69000244140625,145.1300048828125
2017-09-06,675,145.1300048828125,145.47000122070312
2017-09-07,676,145.47000122070312,144.2100067138672
2017-09-08,677,144.2100067138672,145.8699951171875
2017-09-11,678,145.8699951171875,146.22000122070312
2017-09-12,679,146.22000122070312,146.4199981689453
2017-09-13,680,146.4199981689453,145.55999755859375
2017-09-14,681,145.55999755859375,146.05999755859375
2017-09-15,682,146.05999755859375,145.5500030517578
2017-09-18,683,145.5500030517578,145.8000030517578
2017-09-19,684,145.8000030517578,145.35000610351562
2017-09-20,685,145.35000610351562,144.4600067138672
2017-09-21,686,144.4600067138672,144.32000732421875
2017-09-22,687,144.32000732421875,142.8000030517578
2017-09-25,688,142.8000030517578,143.1699981689453
2017-09-26,689,143.1699981689453,144.4600067138672
2017-09-27,690,144.4600067138672,144.41000366210938
2017-09-28,691,144.41000366210938,145.4499969482422
2017-09-29,692,145.4499969482422,145.5800018310547
2017-10-02,693,145.5800018310547,145.88999938964844
2017-10-03,694,145.88999938964844,146.02999877929688
2017-10-04,695,146.02999877929688,147.4600067138672
2017-10-05,696,147.4600067138672,147.66000366210938
2017-10-06,697,147.66000366210938,147.49000549316406
2017-10-09,698,147.49000549316406,147.60000610351562
2017-10-10,699,147.60000610351562,148.0399932861328
2017-10-11,700,148.0399932861328,147.77000427246094
2017-10-12,701,147.77000427246094,148.33999633789062
2017-10-13,702,148.33999633789062,148.85000610351562
2017-10-16,703,148.85000610351562,149.0399932861328
2017-10-17,704,149.0399932861328,148.86000061035156
2017-10-18,705,148.86000061035156,148.30999755859375
2017-10-19,706,148.30999755859375,148.7100067138672
2017-10-20,707,148.7100067138672,147.74000549316406
2017-10-23,708,147.74000549316406,147.99000549316406
2017-10-24,709,147.99000549316406,147.42999267578125
2017-10-25,710,147.42999267578125,146.9600067138672
2017-10-26,711,146.9600067138672,151.24000549316406
2017-10-27,712,151.24000549316406,151.5800018310547
2017-10-30,713,151.5800018310547,152.14999389648438
2017-10-31,714,152.14999389648438,152.10000610351562
2017-11-01,715,152.10000610351562,151.80999755859375
2017-11-02,716,151.80999755859375,153.27000427246094
2017-11-03,717,153.27000427246094,153.7899932861328
2017-11-06,718,153.7899932861328,153.8800048828125
2017-11-07,719,153.8800048828125,154.5
2017-11-08,720,154.5,153.69000244140625
2017-11-09,721,153.69000244140625,153.67999267578125
2017-11-10,722,153.67999267578125,153.8699951171875
2017-11-13,723,153.8699951171875,153.30999755859375
2017-11-14,724,153.30999755859375,152.58999633789062
2017-11-15,725,152.58999633789062,154.5399932861328
2017-11-16,726,154.5399932861328,153.9499969482422
2017-11-17,727,153.9499969482422,153.8300018310547
2017-11-20,728,153.8300018310547,155.5
2017-11-21,729,155.5,155.69000244140625
2017-11-22,730,155.69000244140625,156.25999450683594
2017-11-24,731,156.25999450683594,156.19000244140625
2017-11-27,732,156.19000244140625,156.58999633789062
2017-11-28,733,156.58999633789062,153.86000061035156
2017-11-29,734,153.86000061035156,155.14999389648438
2017-11-30,735,155.14999389648438,154.49000549316406
2017-12-01,736,154.49000549316406,152.7100067138672
2017-12-04,737,152.7100067138672,152.80999755859375
2017-12-05,738,152.80999755859375,153.5
2017-12-06,739,153.5,154.02000427246094
2017-12-07,740,154.02000427246094,154.6999969482422
2017-12-08,741,154.6999969482422,155.89999389648438
2017-12-11,742,155.89999389648438,155.69000244140625
2017-12-12,743,155.69000244140625,155.99000549316406
2017-12-13,744,155.99000549316406,155.8800048828125
2017-12-14,745,155.8800048828125,157.64999389648438
2017-12-15,746,157.64999389648438,158.63999938964844
2017-12-18,747,158.63999938964844,157.6999969482422
2017-12-19,748,157.6999969482422,157.52999877929688
2017-12-20,749,157.52999877929688,157.5500030517578
2017-12-21,750,157.5500030517578,157.3699951171875
2017-12-22,751,157.3699951171875,156.52000427246094
2017-12-26,752,156.52000427246094,156.5399932861328
2017-12-27,753,156.5399932861328,156.72999572753906
2017-12-28,754,156.72999572753906,155.75999450683594
2017-12-29,755,155.75999450683594,158.49000549316406
2018-01-02,756,158.49000549316406,160.02999877929688
2018-01-03,757,160.02999877929688,160.30999755859375
2018-01-04,758,160.30999755859375,161.9199981689453
2018-01-05,759,161.9199981689453,162.5500030517578
2018-01-08,760,162.5500030517578,162.55999755859375
2018-01-09,761,162.55999755859375,162.17999267578125
2018-01-10,762,162.17999267578125,163.2899932861328
2018-01-11,763,163.2899932861328,164.49000549316406
2018-01-12,764,164.49000549316406,164.02000427246094
2018-01-16,765,164.02000427246094,165.7899932861328
2018-01-17,766,165.7899932861328,165.82000732421875
2018-01-18,767,165.82000732421875,166.33999633789062
2018-01-19,768,166.33999633789062,168.1199951171875
2018-01-22,769,168.1199951171875,169.50999450683594
2018-01-23,770,169.50999450683594,168.41000366210938
2018-01-24,771,168.41000366210938,168.35000610351562
2018-01-25,772,168.35000610351562,170.92999267578125
2018-01-26,773,170.92999267578125,170.10000610351562
2018-01-29,774,170.10000610351562,168.6999969482422
2018-01-30,775,168.6999969482422,169.39999389648438
2018-01-31,776,169.39999389648438,167.9600067138672
2018-02-01,777,167.9600067138672,164.61000061035156
2018-02-02,778,164.61000061035156,158.1199951171875
2018-02-05,779,158.1199951171875,162.30999755859375
2018-02-06,780,162.30999755859375,160.2100067138672
2018-02-07,781,160.2100067138672,153.4499969482422
2018-02-08,782,153.4499969482422,156.10000610351562
2018-02-09,783,156.10000610351562,158.8699951171875
2018-02-12,784,158.8699951171875,159.69000244140625
2018-02-13,785,159.69000244140625,162.67999267578125
2018-02-14,786,162.67999267578125,165.6999969482422
2018-02-15,787,165.6999969482422,164.9600067138672
2018-02-16,788,164.9600067138672,165.2899932861328
2018-02-20,789,165.2899932861328,164.82000732421875
2018-02-21,790,164.82000732421875,164.8000030517578
2018-02-22,791,164.8000030517578,168.1699981689453
2018-02-23,792,168.1699981689453,170.39999389648438
2018-02-26,793,170.39999389648438,168.2899932861328
2018-02-27,794,168.2899932861328,167.2100067138672
2018-02-28,795,167.2100067138672,164.47999572753906
2018-03-01,796,164.47999572753906,165.99000549316406
2018-03-02,797,165.99000549316406,167.8300018310547
2018-03-05,798,167.8300018310547,168.5399932861328
2018-03-06,799,168.5399932861328,168.92999267578125
2018-03-07,800,168.92999267578125,169.86000061035156
2018-03-08,801,169.86000061035156,173.16000366210938
2018-03-09,802,173.16000366210938,174.0800018310547
2018-03-12,803,174.0800018310547,171.7100067138672
2018-03-13,804,171.7100067138672,171.67999267578125
2018-03-14,805,171.67999267578125,171.52999877929688
2018-03-15,806,171.52999877929688,171.02000427246094
2018-03-16,807,171.02000427246094,167.10000610351562
2018-03-19,808,167.10000610351562,167.64999389648438
2018-03-20,809,167.64999389648438,166.9199981689453
2018-03-21,810,166.9199981689453,162.8000030517578
2018-03-22,811,162.8000030517578,158.50999450683594
2018-03-23,812,158.50999450683594,164.39999389648438
2018-03-26,813,164.39999389648438,159.0800018310547
2018-03-27,814,159.0800018310547,157.25
2018-03-28,815,157.25,160.1300048828125
2018-03-29,816,160.1300048828125,155.50999450683594
2018-04-02,817,155.50999450683594,157.25999450683594
2018-04-03,818,157.25999450683594,159.74000549316406
2018-04-04,819,159.74000549316406,160.64999389648438
2018-04-05,820,160.64999389648438,156.6300048828125
2018-04-06,821,156.6300048828125,157.72999572753906
2018-04-09,822,157.72999572753906,161.2100067138672
2018-04-10,823,161.2100067138672,160.27999877929688
2018-04-11,824,160.27999877929688,162.2100067138672
2018-04-12,825,162.2100067138672,161.3699951171875
2018-04-13,826,161.3699951171875,162.60000610351562
2018-04-16,827,162.60000610351562,166.10000610351562
2018-04-17,828,166.10000610351562,166.44000244140625
2018-04-18,829,166.44000244140625,164.91000366210938
2018-04-19,830,164.91000366210938,162.3000030517578
2018-04-20,831,162.3000030517578,161.88999938964844
2018-04-23,832,161.88999938964844,158.4600067138672
2018-04-24,833,158.4600067138672,158.64999389648438
2018-04-25,834,158.64999389648438,161.99000549316406
2018-04-26,835,161.99000549316406,162.08999633789062
2018-04-27,836,162.08999633789062,160.94000244140625
2018-04-30,837,160.94000244140625,162.77999877929688
2018-05-01,838,162.77999877929688,161.82000732421875
2018-05-02,839,161.82000732421875,161.8000030517578
2018-05-03,840,161.8000030517578,164.8699951171875
2018-05-04,841,164.8699951171875,166.24000549316406
2018-05-07,842,166.24000549316406,166.07000732421875
2018-05-08,843,166.07000732421875,167.8800048828125
2018-05-09,844,167.8800048828125,169.6199951171875
2018-05-10,845,169.6199951171875,169.4600067138672
2018-05-11,846,169.4600067138672,169.75
2018-05-14,847,169.75,167.8699951171875
2018-05-15,848,167.8699951171875,168.97999572753906
2018-05-16,849,168.97999572753906,168.3300018310547
2018-05-17,850,168.3300018310547,167.4600067138672
2018-05-18,851,167.4600067138672,168.39999389648438
2018-05-21,852,168.39999389648438,168.17999267578125
2018-05-22,853,168.17999267578125,169.60000610351562
2018-05-23,854,169.60000610351562,169.5500030517578
2018-05-24,855,169.5500030517578,169.72000122070312
2018-05-25,856,169.72000122070312,168.97000122070312
2018-05-29,857,168.97000122070312,170.17999267578125
2018-05-30,858,170.17999267578125,170.07000732421875
2018-05-31,859,170.07000732421875,172.74000549316406
2018-06-01,860,172.74000549316406,174.3000030517578
2018-06-04,861,174.3000030517578,174.83999633789062
2018-06-05,862,174.83999633789062,175.86000061035156
2018-06-06,863,175.86000061035156,174.42999267578125
2018-06-07,864,174.42999267578125,174.44000244140625
2018-06-08,865,174.44000244140625,174.91000366210938
2018-06-11,866,174.91000366210938,175.8300018310547
2018-06-12,867,175.8300018310547,175.82000732421875
2018-06-13,868,175.82000732421875,177.60000610351562
2018-06-14,869,177.60000610351562,176.97999572753906
2018-06-15,870,176.97999572753906,176.5
2018-06-18,871,176.5,176.0
2018-06-19,872,176.0,177.25
2018-06-20,873,177.25,175.7100067138672
2018-06-21,874,175.7100067138672,175.32000732421875
2018-06-22,875,175.32000732421875,171.3699951171875
2018-06-25,876,171.3699951171875,172.07000732421875
2018-06-26,877,172.07000732421875,169.72999572753906
2018-06-27,878,169.72999572753906,171.19000244140625
2018-06-28,879,171.19000244140625,171.64999389648438
2018-06-29,880,171.64999389648438,172.8000030517578
2018-07-02,881,172.8000030517578,170.8000030517578
2018-07-03,882,170.8000030517578,172.9199981689453
2018-07-05,883,172.9199981689453,175.61000061035156
2018-07-06,884,175.61000061035156,177.19000244140625
2018-07-09,885,177.19000244140625,177.32000732421875
2018-07-10,886,177.32000732421875,176.4199981689453
2018-07-11,887,176.4199981689453,179.4600067138672
2018-07-12,888,179.4600067138672,179.61000061035156
2018-07-13,889,179.61000061035156,179.17999267578125
2018-07-16,890,179.17999267578125,180.27000427246094
2018-07-17,891,180.27000427246094,179.92999267578125
2018-07-18,892,179.92999267578125,179.02999877929688
2018-07-19,893,179.02999877929688,178.99000549316406
2018-07-20,894,178.99000549316406,179.55999755859375
2018-07-23,895,179.55999755859375,180.3000030517578
2018-07-24,896,180.3000030517578,182.82000732421875
2018-07-25,897,182.82000732421875,180.0500030517578
2018-07-26,898,180.0500030517578,177.6199951171875
2018-07-27,899,177.6199951171875,175.11000061035156
2018-07-30,900,175.11000061035156,176.4499969482422
2018-07-31,901,176.4499969482422,177.1199951171875
2018-08-01,902,177.1199951171875,179.52999877929688
2018-08-02,903,179.52999877929688,180.0800018310547
2018-08-03,904,180.0800018310547,181.13999938964844
2018-08-06,905,181.13999938964844,181.8000030517578
2018-08-07,906,181.8000030517578,182.02000427246094
2018-08-08,907,182.02000427246094,181.91000366210938
2018-08-09,908,181.91000366210938,180.52000427246094
2018-08-10,909,180.52000427246094,180.32000732421875
2018-08-13,910,180.32000732421875,181.4499969482422
2018-08-14,911,181.4499969482422,179.22999572753906
2018-08-15,912,179.22999572753906,179.82000732421875
2018-08-16,913,179.82000732421875,179.86000061035156
2018-08-17,914,179.86000061035156,179.6999969482422
2018-08-20,915,179.6999969482422,180.36000061035156
2018-08-21,916,180.36000061035156,181.05999755859375
2018-08-22,917,181.05999755859375,180.8000030517578
2018-08-23,918,180.8000030517578,182.47999572753906
2018-08-24,919,182.47999572753906,184.33999633789062
2018-08-27,920,184.33999633789062,184.61000061035156
2018-08-28,921,184.61000061035156,186.74000549316406
2018-08-29,922,186.74000549316406,186.41000366210938
2018-08-30,923,186.41000366210938,186.64999389648438
2018-08-31,924,186.64999389648438,185.85000610351562
2018-09-04,925,185.85000610351562,183.4499969482422
2018-09-05,926,183.4499969482422,181.80999755859375
2018-09-06,927,181.80999755859375,181.11000061035156
2018-09-07,928,181.11000061035156,181.72000122070312
2018-09-10,929,181.72000122070312,183.1199951171875
2018-09-11,930,183.1199951171875,182.5800018310547
2018-09-12,931,182.5800018310547,184.52999877929688
2018-09-13,932,184.52999877929688,183.99000549316406
2018-09-14,933,183.99000549316406,181.33999633789062
2018-09-17,934,181.33999633789062,182.83999633789062
2018-09-18,935,182.83999633789062,182.6999969482422
2018-09-19,936,182.6999969482422,184.72000122070312
2018-09-20,937,184.72000122070312,183.7100067138672
2018-09-21,938,183.7100067138672,183.88999938964844
2018-09-24,939,183.88999938964844,184.13999938964844
2018-09-25,940,184.13999938964844,184.27000427246094
2018-09-26,941,184.27000427246094,185.8300018310547
2018-09-27,942,185.8300018310547,185.7899932861328
2018-09-28,943,185.7899932861328,186.1699981689453
2018-10-01,944,186.1699981689453,185.75
2018-10-02,945,185.75,185.9499969482422
2018-10-03,946,185.9499969482422,182.3800048828125
2018-10-04,947,182.3800048828125,180.14999389648438
2018-10-05,948,180.14999389648438,179.0500030517578
2018-10-08,949,179.0500030517578,179.6300048828125
2018-10-09,950,179.6300048828125,171.72999572753906
2018-10-10,951,171.72999572753906,169.60000610351562
2018-10-11,952,169.60000610351562,174.32000732421875
2018-10-12,953,174.32000732421875,172.2100067138672
2018-10-15,954,172.2100067138672,177.22000122070312
2018-10-16,955,177.22000122070312,177.2899932861328
2018-10-17,956,177.2899932861328,173.17999267578125
2018-10-18,957,173.17999267578125,173.02000427246094
2018-10-19,958,173.02000427246094,173.91000366210938
2018-10-22,959,173.91000366210938,173.27000427246094
2018-10-23,960,173.27000427246094,165.33999633789062
2018-10-24,961,165.33999633789062,171.05999755859375
2018-10-25,962,171.05999755859375,166.66000366210938
2018-10-26,963,166.66000366210938,163.22999572753906
2018-10-29,964,163.22999572753906,165.9199981689453
2018-10-30,965,165.9199981689453,169.82000732421875
2018-10-31,966,169.82000732421875,172.05999755859375
2018-11-01,967,172.05999755859375,169.3800048828125
2018-11-02,968,169.3800048828125,168.9600067138672
2018-11-05,969,168.9600067138672,170.24000549316406
2018-11-06,970,170.24000549316406,175.5800018310547
2018-11-07,971,175.5800018310547,174.4600067138672
2018-11-08,972,174.4600067138672,171.52000427246094
2018-11-09,973,171.52000427246094,166.3300018310547
2018-11-12,974,166.3300018310547,166.47000122070312
2018-11-13,975,166.47000122070312,165.1999969482422
2018-11-14,976,165.1999969482422,168.08999633789062
2018-11-15,977,168.08999633789062,167.5
2018-11-16,978,167.5,162.05999755859375
2018-11-19,979,162.05999755859375,159.16000366210938
2018-11-20,980,159.16000366210938,160.3699951171875
2018-11-21,981,160.3699951171875,159.2100067138672
2018-11-23,982,159.2100067138672,162.88999938964844
2018-11-26,983,162.88999938964844,163.44000244140625
2018-11-27,984,163.44000244140625,168.6999969482422
2018-11-28,985,168.6999969482422,168.14999389648438
2018-11-29,986,168.14999389648438,169.3699951171875
2018-11-30,987,169.3699951171875,172.3300018310547
2018-12-03,988,172.3300018310547,165.72000122070312
2018-12-04,989,165.72000122070312,166.88999938964844
2018-12-06,990,166.88999938964844,161.3800048828125
2018-12-07,991,161.3800048828125,163.07000732421875
2018-12-10,992,163.07000732421875,163.61000061035156
2018-12-11,993,163.61000061035156,165.0500030517578
2018-12-12,994,165.0500030517578,165.10000610351562
2018-12-13,995,165.10000610351562,161.0800018310547
2018-12-14,996,161.0800018310547,157.42999267578125
2018-12-17,997,157.42999267578125,158.4199981689453
2018-12-18,998,158.4199981689453,154.52999877929688
2018-12-19,999,154.52999877929688,152.2899932861328
2018-12-20,1000,152.2899932861328,147.57000732421875
2018-12-21,1001,147.57000732421875,143.5
2018-12-24,1002,143.5,152.4600067138672
2018-12-26,1003,152.4600067138672,153.0500030517578
2018-12-27,1004,153.0500030517578,152.97000122070312
2018-12-28,1005,152.97000122070312,154.25999450683594
2018-12-31,1006,154.25999450683594,154.8800048828125
2019-01-02,1007,154.8800048828125,149.82000732421875
2019-01-03,1008,149.82000732421875,156.22999572753906
2019-01-04,1009,156.22999572753906,158.08999633789062
2019-01-07,1010,158.08999633789062,159.52000427246094
2019-01-08,1011,159.52000427246094,160.82000732421875
2019-01-09,1012,160.82000732421875,161.27999877929688
2019-01-10,1013,161.27999877929688,160.69000244140625
2019-01-11,1014,160.69000244140625,159.27000427246094
2019-01-14,1015,159.27000427246094,162.3800048828125
2019-01-15,1016,162.3800048828125,162.35000610351562
2019-01-16,1017,162.35000610351562,163.6300048828125
2019-01-17,1018,163.6300048828125,165.25
2019-01-18,1019,165.25,161.94000244140625
2019-01-22,1020,161.94000244140625,162.14999389648438
2019-01-23,1021,162.14999389648438,163.1999969482422
2019-01-24,1022,163.1999969482422,165.14999389648438
2019-01-25,1023,165.14999389648438,163.11000061035156
2019-01-28,1024,163.11000061035156,161.57000732421875
2019-01-29,1025,161.57000732421875,165.67999267578125
2019-01-30,1026,165.67999267578125,168.16000366210938
2019-01-31,1027,168.16000366210938,167.4499969482422
2019-02-01,1028,167.4499969482422,169.52999877929688
2019-02-04,1029,169.52999877929688,171.02999877929688
2019-02-05,1030,171.02999877929688,170.52000427246094
2019-02-06,1031,170.52000427246094,168.22999572753906
2019-02-07,1032,168.22999572753906,168.55999755859375
2019-02-08,1033,168.55999755859375,168.39999389648438
2019-02-11,1034,168.39999389648438,170.88999938964844
2019-02-12,1035,170.88999938964844,171.00999450683594
2019-02-13,1036,171.00999450683594,171.22000122070312
2019-02-14,1037,171.22000122070312,171.94000244140625
2019-02-15,1038,171.94000244140625,172.27999877929688
2019-02-19,1039,172.27999877929688,172.25
2019-02-20,1040,172.25,171.6199951171875
2019-02-21,1041,171.6199951171875,172.88999938964844
2019-02-22,1042,172.88999938964844,173.52000427246094
2019-02-25,1043,173.52000427246094,173.6999969482422
2019-02-26,1044,173.6999969482422,173.58999633789062
2019-02-27,1045,173.58999633789062,173.19000244140625
2019-02-28,1046,173.19000244140625,174.38999938964844
2019-03-01,1047,174.38999938964844,174.4199981689453
2019-03-04,1048,174.4199981689453,174.5500030517578
2019-03-05,1049,174.5500030517578,173.55999755859375
2019-03-06,1050,173.55999755859375,171.42999267578125
2019-03-07,1051,171.42999267578125,171.1699981689453
2019-03-08,1052,171.1699981689453,174.72999572753906
2019-03-11,1053,174.72999572753906,175.69000244140625
2019-03-12,1054,175.69000244140625,177.00999450683594
2019-03-13,1055,177.00999450683594,176.7100067138672
2019-03-14,1056,176.7100067138672,178.35000610351562
2019-03-15,1057,178.35000610351562,178.4499969482422
2019-03-18,1058,178.4499969482422,179.0500030517578
2019-03-19,1059,179.0500030517578,179.75999450683594
2019-03-20,1060,179.75999450683594,182.57000732421875
2019-03-21,1061,182.57000732421875,178.55999755859375
2019-03-22,1062,178.55999755859375,178.22000122070312
2019-03-25,1063,178.22000122070312,179.0500030517578
2019-03-26,1064,179.0500030517578,177.89999389648438
2019-03-27,1065,177.89999389648438,178.30999755859375
2019-03-28,1066,178.30999755859375,179.66000366210938
2019-03-29,1067,179.66000366210938,182.0399932861328
2019-04-01,1068,182.0399932861328,182.72999572753906
2019-04-02,1069,182.72999572753906,183.77999877929688
2019-04-03,1070,183.77999877929688,183.7100067138672
2019-04-04,1071,183.7100067138672,184.66000366210938
2019-04-05,1072,184.66000366210938,185.1300048828125
2019-04-08,1073,185.1300048828125,184.47999572753906
2019-04-09,1074,184.47999572753906,185.47000122070312
2019-04-10,1075,185.47000122070312,185.02999877929688
2019-04-11,1076,185.02999877929688,185.8300018310547
2019-04-12,1077,185.8300018310547,185.86000061035156
2019-04-15,1078,185.86000061035156,186.5
2019-04-16,1079,186.5,187.14999389648438
2019-04-17,1080,187.14999389648438,187.38999938964844
2019-04-18,1081,187.38999938964844,187.9199981689453
2019-04-22,1082,187.9199981689453,190.30999755859375
2019-04-23,1083,190.30999755859375,189.7100067138672
2019-04-24,1084,189.7100067138672,190.47999572753906
2019-04-25,1085,190.47999572753906,190.64999389648438
2019-04-26,1086,190.64999389648438,191.02000427246094
2019-04-29,1087,191.02000427246094,189.5399932861328
2019-04-30,1088,189.5399932861328,188.92999267578125
2019-05-01,1089,188.92999267578125,188.11000061035156
2019-05-02,1090,188.11000061035156,191.11000061035156
2019-05-03,1091,191.11000061035156,189.94000244140625
2019-05-06,1092,189.94000244140625,186.24000549316406
2019-05-07,1093,186.24000549316406,185.77000427246094
2019-05-08,1094,185.77000427246094,184.77000427246094
2019-05-09,1095,184.77000427246094,185.0
2019-05-10,1096,185.0,178.5800018310547
2019-05-13,1097,178.5800018310547,180.5399932861328
2019-05-14,1098,180.5399932861328,183.08999633789062
2019-05-15,1099,183.08999633789062,184.92999267578125
2019-05-16,1100,184.92999267578125,183.0399932861328
2019-05-17,1101,183.0399932861328,179.9499969482422
2019-05-20,1102,179.9499969482422,181.8300018310547
2019-05-21,1103,181.8300018310547,181.02000427246094
2019-05-22,1104,181.02000427246094,178.25
2019-05-23,1105,178.25,178.16000366210938
2019-05-24,1106,178.16000366210938,177.49000549316406
2019-05-28,1107,177.49000549316406,176.02999877929688
2019-05-29,1108,176.02999877929688,176.77000427246094
2019-05-30,1109,176.77000427246094,173.9499969482422
2019-05-31,1110,173.9499969482422,170.1199951171875
2019-06-03,1111,170.1199951171875,174.91000366210938
2019-06-04,1112,174.91000366210938,176.2100067138672
2019-06-05,1113,176.2100067138672,177.61000061035156
2019-06-06,1114,177.61000061035156,181.0399932861328
2019-06-07,1115,181.0399932861328,183.14999389648438
2019-06-10,1116,183.14999389648438,183.39999389648438
2019-06-11,1117,183.39999389648438,182.33999633789062
2019-06-12,1118,182.33999633789062,183.4199981689453
2019-06-13,1119,183.4199981689453,182.63999938964844
2019-06-14,1120,182.63999938964844,183.74000549316406
2019-06-17,1121,183.74000549316406,186.41000366210938
2019-06-18,1122,186.41000366210938,187.11000061035156
2019-06-19,1123,187.11000061035156,188.85000610351562
2019-06-20,1124,188.85000610351562,188.57000732421875
2019-06-21,1125,188.57000732421875,188.16000366210938
2019-06-24,1126,188.16000366210938,184.92999267578125
2019-06-25,1127,184.92999267578125,185.7899932861328
2019-06-26,1128,185.7899932861328,186.5
2019-06-27,1129,186.5,186.74000549316406
2019-06-28,1130,186.74000549316406,189.25999450683594
2019-07-01,1131,189.25999450683594,190.00999450683594
2019-07-02,1132,190.00999450683594,191.44000244140625
2019-07-03,1133,191.44000244140625,191.0500030517578
2019-07-05,1134,191.0500030517578,189.7100067138672
2019-07-08,1135,189.7100067138672,190.66000366210938
2019-07-09,1136,190.66000366210938,192.55999755859375
2019-07-10,1137,192.55999755859375,192.4199981689453
2019-07-11,1138,192.4199981689453,193.52999877929688
2019-07-12,1139,193.52999877929688,194.14999389648438
2019-07-15,1140,194.14999389648438,193.14999389648438
2019-07-16,1141,193.14999389648438,192.1999969482422
2019-07-17,1142,192.1999969482422,192.4199981689453
2019-07-18,1143,192.4199981689453,191.00999450683594
2019-07-19,1144,191.00999450683594,192.52999877929688
2019-07-22,1145,192.52999877929688,193.7899932861328
2019-07-23,1146,193.7899932861328,195.14999389648438
2019-07-24,1147,195.14999389648438,193.3000030517578
2019-07-25,1148,193.3000030517578,195.2899932861328
2019-07-26,1149,195.2899932861328,194.6199951171875
2019-07-29,1150,194.6199951171875,193.77999877929688
2019-07-30,1151,193.77999877929688,191.10000610351562
2019-07-31,1152,191.10000610351562,190.14999389648438
2019-08-01,1153,190.14999389648438,187.35000610351562
2019-08-02,1154,187.35000610351562,180.72999572753906
2019-08-05,1155,180.72999572753906,183.25999450683594
2019-08-06,1156,183.25999450683594,184.25
2019-08-07,1157,184.25,188.25999450683594
2019-08-08,1158,188.25999450683594,186.49000549316406
2019-08-09,1159,186.49000549316406,184.35000610351562
2019-08-12,1160,184.35000610351562,188.38999938964844
2019-08-13,1161,188.38999938964844,182.75999450683594
2019-08-14,1162,182.75999450683594,182.5500030517578
2019-08-15,1163,182.5500030517578,185.47999572753906
2019-08-16,1164,185.47999572753906,188.42999267578125
2019-08-19,1165,188.42999267578125,186.97000122070312
2019-08-20,1166,186.97000122070312,188.6300048828125
2019-08-21,1167,188.6300048828125,188.02000427246094
2019-08-22,1168,188.02000427246094,182.07000732421875
2019-08-23,1169,182.07000732421875,184.82000732421875
2019-08-26,1170,184.82000732421875,184.42999267578125
2019-08-27,1171,184.42999267578125,185.08999633789062
2019-08-28,1172,185.08999633789062,187.9199981689453
2019-08-29,1173,187.9199981689453,187.47000122070312
2019-08-30,1174,187.47000122070312,185.64999389648438
2019-09-03,1175,185.64999389648438,188.3300018310547
2019-09-04,1176,188.3300018310547,191.77999877929688
2019-09-05,1177,191.77999877929688,191.58999633789062
2019-09-06,1178,191.58999633789062,191.19000244140625
2019-09-09,1179,191.19000244140625,190.63999938964844
2019-09-10,1180,190.63999938964844,192.42999267578125
2019-09-11,1181,192.42999267578125,193.22999572753906
2019-09-12,1182,193.22999572753906,192.5399932861328
2019-09-13,1183,192.5399932861328,191.67999267578125
2019-09-16,1184,191.67999267578125,192.60000610351562
2019-09-17,1185,192.60000610351562,192.52000427246094
2019-09-18,1186,192.52000427246094,192.83999633789062
2019-09-19,1187,192.83999633789062,190.8000030517578
2019-09-20,1188,190.8000030517578,190.5
2019-09-23,1189,190.5,187.97000122070312
2019-09-24,1190,187.97000122070312,190.0800018310547
2019-09-25,1191,190.0800018310547,189.3800048828125
2019-09-26,1192,189.3800048828125,187.02999877929688
2019-09-27,1193,187.02999877929688,188.80999755859375
2019-09-30,1194,188.80999755859375,187.27000427246094
2019-10-01,1195,187.27000427246094,184.0500030517578
2019-10-02,1196,184.0500030517578,186.07000732421875
2019-10-03,1197,186.07000732421875,188.80999755859375
2019-10-04,1198,188.80999755859375,188.24000549316406
2019-10-07,1199,188.24000549316406,185.4199981689453
2019-10-08,1200,185.4199981689453,187.22999572753906
2019-10-09,1201,187.22999572753906,188.67999267578125
2019-10-10,1202,188.67999267578125,191.11000061035156
2019-10-11,1203,191.11000061035156,191.08999633789062
2019-10-14,1204,191.08999633789062,193.52000427246094
2019-10-15,1205,193.52000427246094,193.0399932861328
2019-10-16,1206,193.0399932861328,193.5500030517578
2019-10-17,1207,193.5500030517578,191.69000244140625
2019-10-18,1208,191.69000244140625,193.38999938964844
2019-10-21,1209,193.38999938964844,191.85000610351562
2019-10-22,1210,191.85000610351562,192.22000122070312
2019-10-23,1211,192.22000122070312,194.08999633789062
2019-10-24,1212,194.08999633789062,195.63999938964844
2019-10-25,1213,195.63999938964844,197.57000732421875
2019-10-28,1214,197.57000732421875,196.0399932861328
2019-10-29,1215,196.0399932861328,196.99000549316406
2019-10-30,1216,196.99000549316406,197.0800018310547
2019-10-31,1217,197.0800018310547,198.8699951171875
2019-11-01,1218,198.8699951171875,200.10000610351562
2019-11-04,1219,200.10000610351562,200.2100067138672
2019-11-05,1220,200.2100067138672,199.75999450683594
2019-11-06,1221,199.75999450683594,200.42999267578125
2019-11-07,1222,200.42999267578125,201.22999572753906
2019-11-08,1223,201.22999572753906,200.9600067138672
2019-11-11,1224,200.9600067138672,201.5399932861328
2019-11-12,1225,201.5399932861328,201.58999633789062
2019-11-13,1226,201.58999633789062,201.42999267578125
2019-11-14,1227,201.42999267578125,202.91000366210938
2019-11-15,1228,202.91000366210938,203.07000732421875
2019-11-18,1229,203.07000732421875,203.3699951171875
2019-11-19,1230,203.3699951171875,202.14999389648438
2019-11-20,1231,202.14999389648438,201.6999969482422
2019-11-21,1232,201.6999969482422,201.8300018310547
2019-11-22,1233,201.8300018310547,204.22000122070312
2019-11-25,1234,204.22000122070312,204.61000061035156
2019-11-26,1235,204.61000061035156,206.0399932861328
2019-11-27,1236,206.0399932861328,205.10000610351562
2019-11-29,1237,205.10000610351562,203.0
2019-12-02,1238,203.0,201.41000366210938
2019-12-03,1239,201.41000366210938,202.42999267578125
2019-12-04,1240,202.42999267578125,202.8300018310547
2019-12-05,1241,202.8300018310547,205.0
2019-12-06,1242,205.0,204.07000732421875
2019-12-09,1243,204.07000732421875,203.89999389648438
2019-12-10,1244,203.89999389648438,204.97999572753906
2019-12-11,1245,204.97999572753906,206.50999450683594
2019-12-12,1246,206.50999450683594,207.19000244140625
2019-12-13,1247,207.19000244140625,209.27000427246094
2019-12-16,1248,209.27000427246094,209.38999938964844
2019-12-17,1249,209.38999938964844,209.5500030517578
2019-12-18,1250,209.5500030517578,210.86000061035156
2019-12-19,1251,210.86000061035156,211.7100067138672
2019-12-20,1252,211.7100067138672,211.80999755859375
2019-12-23,1253,211.80999755859375,211.9199981689453
2019-12-24,1254,211.9199981689453,213.7899932861328
2019-12-26,1255,213.7899932861328,213.61000061035156
2019-12-27,1256,213.61000061035156,212.2100067138672
2019-12-30,1257,212.2100067138672,212.61000061035156
2019-12-31,1258,212.61000061035156,216.16000366210938
2020-01-02,1259,216.16000366210938,214.17999267578125
2020-01-03,1260,214.17999267578125,215.55999755859375
2020-01-06,1261,215.55999755859375,215.52999877929688
2020-01-07,1262,215.52999877929688,217.14999389648438
2020-01-08,1263,217.14999389648438,218.99000549316406
2020-01-09,1264,218.99000549316406,218.42999267578125
2020-01-10,1265,218.42999267578125,220.9499969482422
2020-01-13,1266,220.9499969482422,220.0800018310547
2020-01-14,1267,220.0800018310547,220.1699981689453
2020-01-15,1268,220.1699981689453,222.27999877929688
2020-01-16,1269,222.27999877929688,223.3800048828125
2020-01-17,1270,223.3800048828125,223.27999877929688
2020-01-21,1271,223.27999877929688,223.8699951171875
2020-01-22,1272,223.8699951171875,224.58999633789062
2020-01-23,1273,224.58999633789062,222.6999969482422
2020-01-24,1274,222.6999969482422,218.10000610351562
2020-01-27,1275,218.10000610351562,221.4499969482422
2020-01-28,1276,221.4499969482422,221.80999755859375
2020-01-29,1277,221.80999755859375,222.60000610351562
2020-01-30,1278,222.60000610351562,219.07000732421875
2020-01-31,1279,219.07000732421875,222.3800048828125
2020-02-03,1280,222.3800048828125,227.47000122070312
2020-02-04,1281,227.47000122070312,228.22000122070312
2020-02-05,1282,228.22000122070312,230.19000244140625
2020-02-06,1283,230.19000244140625,229.1999969482422
2020-02-07,1284,229.1999969482422,231.97000122070312
2020-02-10,1285,231.97000122070312,232.00999450683594
2020-02-11,1286,232.00999450683594,234.27000427246094
2020-02-12,1287,234.27000427246094,233.97000122070312
2020-02-13,1288,233.97000122070312,234.63999938964844
2020-02-14,1289,234.63999938964844,234.72999572753906
2020-02-18,1290,234.72999572753906,236.97999572753906
2020-02-19,1291,236.97999572753906,234.77999877929688
2020-02-20,1292,234.77999877929688,230.27000427246094
2020-02-21,1293,230.27000427246094,221.38999938964844
2020-02-24,1294,221.38999938964844,215.3699951171875
2020-02-25,1295,215.3699951171875,216.47999572753906
2020-02-26,1296,216.47999572753906,205.63999938964844
2020-02-27,1297,205.63999938964844,205.8000030517578
2020-02-28,1298,205.8000030517578,216.4199981689453
2020-03-02,1299,216.4199981689453,209.47999572753906
2020-03-03,1300,209.47999572753906,218.22000122070312
2020-03-04,1301,218.22000122070312,211.58999633789062
2020-03-05,1302,211.58999633789062,208.02000427246094
2020-03-06,1303,208.02000427246094,193.57000732421875
2020-03-09,1304,193.57000732421875,204.11000061035156
2020-03-10,1305,204.11000061035156,195.22000122070312
2020-03-11,1306,195.22000122070312,177.32000732421875
2020-03-12,1307,177.32000732421875,192.33999633789062
2020-03-13,1308,192.33999633789062,169.3000030517578
2020-03-16,1309,169.3000030517578,182.13999938964844
2020-03-17,1310,182.13999938964844,176.60000610351562
2020-03-18,1311,176.60000610351562,177.66000366210938
2020-03-19,1312,177.66000366210938,170.6999969482422
2020-03-20,1313,170.6999969482422,170.4600067138672
2020-03-23,1314,170.4600067138672,183.66000366210938
2020-03-24,1315,183.66000366210938,182.3000030517578
2020-03-25,1316,182.3000030517578,191.89999389648438
2020-03-26,1317,191.89999389648438,185.3000030517578
2020-03-27,1318,185.3000030517578,192.0399932861328
2020-03-30,1319,192.0399932861328,190.39999389648438
2020-03-31,1320,190.39999389648438,182.30999755859375
2020-04-01,1321,182.30999755859375,186.00999450683594
2020-04-02,1322,186.00999450683594,183.3699951171875
2020-04-03,1323,183.3699951171875,196.47999572753906
2020-04-06,1324,196.47999572753906,196.39999389648438
2020-04-07,1325,196.39999389648438,200.57000732421875
2020-04-08,1326,200.57000732421875,200.86000061035156
2020-04-09,1327,200.86000061035156,203.02999877929688
2020-04-13,1328,203.02999877929688,211.86000061035156
2020-04-14,1329,211.86000061035156,209.42999267578125
2020-04-15,1330,209.42999267578125,213.25
2020-04-16,1331,213.25,215.2899932861328
2020-04-17,1332,215.2899932861328,212.74000549316406
2020-04-20,1333,212.74000549316406,204.88999938964844
2020-04-21,1334,204.88999938964844,210.97000122070312
2020-04-22,1335,210.97000122070312,210.52000427246094
2020-04-23,1336,210.52000427246094,213.83999633789062
2020-04-24,1337,213.83999633789062,215.55999755859375
2020-04-27,1338,215.55999755859375,211.5
2020-04-28,1339,211.5,219.0
2020-04-29,1340,219.0,218.91000366210938
2020-04-30,1341,218.91000366210938,212.74000549316406
2020-05-01,1342,212.74000549316406,215.22000122070312
2020-05-04,1343,215.22000122070312,217.66000366210938
2020-05-05,1344,217.66000366210938,219.0
2020-05-06,1345,219.0,221.82000732421875
2020-05-07,1346,221.82000732421875,224.86000061035156
2020-05-08,1347,224.86000061035156,226.8699951171875
2020-05-11,1348,226.8699951171875,222.1199951171875
2020-05-12,1349,222.1199951171875,219.33999633789062
2020-05-13,1350,219.33999633789062,221.8300018310547
2020-05-14,1351,221.8300018310547,223.27000427246094
2020-05-15,1352,223.27000427246094,227.42999267578125
2020-05-18,1353,227.42999267578125,226.86000061035156
2020-05-19,1354,226.86000061035156,231.38999938964844
2020-05-20,1355,231.38999938964844,228.8699951171875
2020-05-21,1356,228.8699951171875,229.66000366210938
2020-05-22,1357,229.66000366210938,229.0399932861328
2020-05-26,1358,229.0399932861328,230.2899932861328
2020-05-27,1359,230.2899932861328,229.99000549316406
2020-05-28,1360,229.99000549316406,233.36000061035156
2020-05-29,1361,233.36000061035156,234.05999755859375
2020-06-01,1362,234.05999755859375,235.6300048828125
2020-06-02,1363,235.6300048828125,236.69000244140625
2020-06-03,1364,236.69000244140625,235.02999877929688
2020-06-04,1365,235.02999877929688,239.69000244140625
2020-06-05,1366,239.69000244140625,241.5500030517578
2020-06-08,1367,241.5500030517578,243.3000030517578
2020-06-09,1368,243.3000030517578,246.22000122070312
2020-06-10,1369,246.22000122070312,234.02000427246094
2020-06-11,1370,234.02000427246094,235.8800048828125
2020-06-12,1371,235.8800048828125,238.75
2020-06-15,1372,238.75,242.85000610351562
2020-06-16,1373,242.85000610351562,243.6199951171875
2020-06-17,1374,243.6199951171875,244.27999877929688
2020-06-18,1375,244.27999877929688,244.24000549316406
2020-06-19,1376,244.24000549316406,246.74000549316406
2020-06-22,1377,246.74000549316406,248.83999633789062
2020-06-23,1378,248.83999633789062,243.7100067138672
2020-06-24,1379,243.7100067138672,246.02999877929688
2020-06-25,1380,246.02999877929688,240.22000122070312
2020-06-26,1381,240.22000122070312,242.83999633789062
2020-06-29,1382,242.83999633789062,247.60000610351562
2020-06-30,1383,247.60000610351562,250.49000549316406
2020-07-01,1384,250.49000549316406,252.19000244140625
2020-07-02,1385,252.19000244140625,258.3900146484375
2020-07-06,1386,258.3900146484375,256.6099853515625
2020-07-07,1387,256.6099853515625,259.989990234375
2020-07-08,1388,259.989990234375,262.17999267578125
2020-07-09,1389,262.17999267578125,263.9700012207031
2020-07-10,1390,263.9700012207031,258.5400085449219
2020-07-13,1391,258.5400085449219,260.3699951171875
2020-07-14,1392,260.3699951171875,260.8999938964844
2020-07-15,1393,260.8999938964844,259.1199951171875
2020-07-16,1394,259.1199951171875,259.4200134277344
2020-07-17,1395,259.4200134277344,266.7799987792969
2020-07-20,1396,266.7799987792969,264.0
2020-07-21,1397,264.0,264.92999267578125
2020-07-22,1398,264.92999267578125,258.010009765625
2020-07-23,1399,258.010009765625,255.55999755859375
2020-07-24,1400,255.55999755859375,260.1199951171875
2020-07-27,1401,260.1199951171875,256.80999755859375
2020-07-28,1402,256.80999755859375,259.7699890136719
2020-07-29,1403,259.7699890136719,261.1300048828125
2020-07-30,1404,261.1300048828125,265.7900085449219
2020-07-31,1405,265.7900085449219,269.3800048828125
2020-08-03,1406,269.3800048828125,270.3800048828125
2020-08-04,1407,270.3800048828125,271.04998779296875
2020-08-05,1408,271.04998779296875,274.6400146484375
2020-08-06,1409,274.6400146484375,271.4700012207031
2020-08-07,1410,271.4700012207031,270.30999755859375
2020-08-10,1411,270.30999755859375,265.19000244140625
2020-08-11,1412,265.19000244140625,271.8599853515625
2020-08-12,1413,271.8599853515625,272.4800109863281
2020-08-13,1414,272.4800109863281,272.1600036621094
2020-08-14,1415,272.1600036621094,275.32000732421875
2020-08-17,1416,275.32000732421875,277.9700012207031
2020-08-18,1417,277.9700012207031,276.1000061035156
2020-08-19,1418,276.1000061035156,279.92999267578125
2020-08-20,1419,279.92999267578125,281.8699951171875
2020-08-21,1420,281.8699951171875,283.6300048828125
2020-08-24,1421,283.6300048828125,285.8599853515625
2020-08-25,1422,285.8599853515625,291.9599914550781
2020-08-26,1423,291.9599914550781,291.04998779296875
2020-08-27,1424,291.04998779296875,292.5299987792969
2020-08-28,1425,292.5299987792969,294.8800048828125
2020-08-31,1426,294.8800048828125,299.9200134277344
2020-09-01,1427,299.9200134277344,302.760009765625
2020-09-02,1428,302.760009765625,287.4100036621094
2020-09-03,1429,287.4100036621094,283.5799865722656
2020-09-04,1430,283.5799865722656,269.95001220703125
2020-09-08,1431,269.95001220703125,277.8800048828125
2020-09-09,1432,277.8800048828125,272.3399963378906
2020-09-10,1433,272.3399963378906,270.45001220703125
2020-09-11,1434,270.45001220703125,275.1600036621094
2020-09-14,1435,275.1600036621094,279.05999755859375
2020-09-15,1436,279.05999755859375,274.6099853515625
2020-09-16,1437,274.6099853515625,270.32000732421875
2020-09-17,1438,270.32000732421875,266.8699951171875
2020-09-18,1439,266.8699951171875,267.510009765625
2020-09-21,1440,267.510009765625,272.4800109863281
2020-09-22,1441,272.4800109863281,264.1600036621094
2020-09-23,1442,264.1600036621094,265.3900146484375
2020-09-24,1443,265.3900146484375,271.55999755859375
2020-09-25,1444,271.55999755859375,277.20001220703125
2020-09-28,1445,277.20001220703125,275.95001220703125
2020-09-29,1446,275.95001220703125,277.8399963378906
2020-09-30,1447,277.8399963378906,282.25
2020-10-01,1448,282.25,274.30999755859375
2020-10-02,1449,274.30999755859375,280.1600036621094
2020-10-05,1450,280.1600036621094,275.1600036621094
2020-10-06,1451,275.1600036621094,279.9200134277344
2020-10-07,1452,279.9200134277344,281.4100036621094
2020-10-08,1453,281.4100036621094,285.7099914550781
2020-10-09,1454,285.7099914550781,294.5299987792969
2020-10-12,1455,294.5299987792969,294.5199890136719
2020-10-13,1456,294.5199890136719,292.05999755859375
2020-10-14,1457,292.05999755859375,290.1000061035156
2020-10-15,1458,290.1000061035156,288.510009765625
2020-10-16,1459,288.510009765625,283.79998779296875
2020-10-19,1460,283.79998779296875,284.4100036621094
2020-10-20,1461,284.4100036621094,284.19000244140625
2020-10-21,1462,284.19000244140625,284.17999267578125
2020-10-22,1463,284.17999267578125,284.739990234375
2020-10-23,1464,284.739990234375,280.4700012207031
2020-10-26,1465,280.4700012207031,282.6600036621094
2020-10-27,1466,282.6600036621094,271.6400146484375
2020-10-28,1467,271.6400146484375,276.3900146484375
2020-10-29,1468,276.3900146484375,269.3800048828125
2020-10-30,1469,269.3800048828125,269.9800109863281
2020-11-02,1470,269.9800109863281,274.6499938964844
2020-11-03,1471,274.6499938964844,
